Organization,Followed On
Interact Technology Solutions,Tue Jun 20 12:25:51 UTC 2023
techteam,Tue Jun 20 12:21:50 UTC 2023
Postman,Sat Jun 17 07:27:12 UTC 2023
Skilleg.com (موقع مهارة),Fri Jun 16 21:10:23 UTC 2023
AptEdge,Fri Jun 16 10:59:13 UTC 2023
International Concept Academy ✔️,Thu May 25 06:12:46 UTC 2023
Kashier,Sun May 07 14:09:50 UTC 2023
Zazome,Sun May 07 14:09:00 UTC 2023
ADVINTIC,Mon Mar 13 10:52:16 UTC 2023
Rasport Co.,Thu Mar 09 13:18:13 UTC 2023
Systems Limited,Wed Mar 08 15:29:17 UTC 2023
Aman E-Collection,Wed Mar 08 12:27:50 UTC 2023
"simplerApps Software Solutions Ltd. (BC, Canada)",Fri Feb 03 22:05:45 UTC 2023
3S Software - Secured Smart Systems,Tue Jan 24 15:27:34 UTC 2023
Rashideen Egypt For Trade Company (L.L.C),Tue Jan 24 10:17:35 UTC 2023
Confidential.,Mon Jan 16 11:42:11 UTC 2023
Arab Sea Information Systems,Mon Jan 09 13:17:05 UTC 2023
 Fodoapps ,Wed Jan 04 10:45:01 UTC 2023
About The Solution,Tue Jan 03 11:24:52 UTC 2023
Egyptian Cultural Center,Thu Dec 22 23:35:55 UTC 2022
The Copywriter - ذا كوبي رايتر,Tue Dec 20 14:13:43 UTC 2022
IGE - The IG Club,Sat Dec 17 14:10:40 UTC 2022
TechMantra Global,Tue Dec 13 10:11:42 UTC 2022
Kayan.LSE,Tue Dec 06 22:01:51 UTC 2022
Qsource Outsourcing,Thu Dec 01 00:24:04 UTC 2022
الامانة لمواد البناء,Thu Dec 01 00:18:42 UTC 2022
MAGRABi Retail Group,Tue Nov 29 16:11:10 UTC 2022
Power BI,Mon Nov 28 18:49:56 UTC 2022
Kcloud Technologies - World of Cloud,Mon Nov 28 10:02:21 UTC 2022
Hmto - همتو,Tue Nov 22 17:51:42 UTC 2022
CLOUDMEN,Fri Nov 18 20:54:39 UTC 2022
SSC Egypt,Fri Nov 18 18:25:38 UTC 2022
Student Zone - Egypt,Wed Nov 16 10:48:25 UTC 2022
Confiential,Fri Nov 11 15:55:04 UTC 2022
Global Lingo,Tue Nov 08 18:17:57 UTC 2022
وظائف - وظيفتك علينا,Wed Nov 02 23:15:40 UTC 2022
DEVEST,Tue Nov 01 21:45:36 UTC 2022
ITSS,Mon Oct 31 13:36:39 UTC 2022
ExtraMile Business Solutions,Sat Oct 29 15:20:42 UTC 2022
2B Technology,Sat Oct 29 15:16:56 UTC 2022
TechScope | Official Odoo Partner | Egypt | KSA,Sat Oct 29 15:15:39 UTC 2022
Odoo Discussions,Sun Oct 23 10:22:29 UTC 2022
Rk Fashion,Mon Oct 17 13:39:35 UTC 2022
Odoo Developers,Thu Oct 13 08:26:41 UTC 2022
Capgemini,Wed Oct 05 11:51:18 UTC 2022
OIT SOLUTIONS LTD,Sat Oct 01 22:41:47 UTC 2022
Devoteam,Sat Oct 01 17:17:54 UTC 2022
AfdlJobs.com,Sun Sep 25 17:34:20 UTC 2022
Salesforce Geek,Tue Sep 20 22:11:43 UTC 2022
Salesforce Platform,Tue Sep 20 22:11:42 UTC 2022
almatar | المطار,Tue Sep 20 11:53:47 UTC 2022
Emaar Misr,Mon Sep 19 23:58:48 UTC 2022
Profolio,Tue Sep 13 12:43:11 UTC 2022
SaaS,Sun Sep 11 14:54:47 UTC 2022
maison.fr,Wed Sep 07 01:13:05 UTC 2022
Innovinity Medical Hub,Tue Sep 06 22:52:20 UTC 2022
وظائف | أي وظيفة,Tue Sep 06 13:07:54 UTC 2022
وظائف السعودية | KSA Jobs,Tue Sep 06 13:07:53 UTC 2022
Passport.io,Tue Sep 06 10:15:44 UTC 2022
Design n Motion,Mon Sep 05 15:43:10 UTC 2022
Badgewell,Sat Sep 03 10:21:47 UTC 2022
وظائف مصر,Thu Sep 01 12:11:07 UTC 2022
Salesforce Jobs & Blog,Thu Sep 01 12:11:05 UTC 2022
Infinity Business Solutions,Tue Aug 30 14:39:58 UTC 2022
Collars,Mon Aug 29 19:57:11 UTC 2022
Vaco,Fri Aug 26 17:48:27 UTC 2022
Teleperformance,Fri Aug 26 16:26:56 UTC 2022
Huawei,Fri Aug 26 16:16:26 UTC 2022
Multinational Company,Fri Aug 26 16:12:36 UTC 2022
Mashreq,Thu Aug 25 22:34:22 UTC 2022
qeema,Thu Aug 25 21:43:48 UTC 2022
CyberCoders,Sun Aug 21 16:27:46 UTC 2022
Fekra Egypt,Sat Aug 20 22:05:11 UTC 2022
Sylndr,Fri Aug 19 09:32:59 UTC 2022
فرصة - FORSA,Sat Aug 13 13:10:02 UTC 2022
Talaat Moustafa Group,Sat Aug 13 13:09:36 UTC 2022
WazaefAlyoum.com - وظائف اليوم,Sat Aug 13 13:09:32 UTC 2022
ELSEWEDY ELECTRIC POWER SYSTEMS PROJECTS,Thu Aug 11 19:20:18 UTC 2022
Valeo,Mon Aug 01 03:12:58 UTC 2022
ELSEWEDY ELECTRIC T&D,Mon Aug 01 03:12:55 UTC 2022
Iskraemeco,Sun Jul 31 21:18:17 UTC 2022
TKMind Consultants,Thu Jul 28 23:35:52 UTC 2022
BigCommerce,Thu Jul 28 23:21:53 UTC 2022
Vezeeta,Mon Jul 25 13:12:59 UTC 2022
SFDC Web Training,Mon Jul 25 13:05:07 UTC 2022
Salesforce Bolt,Mon Jul 25 13:04:59 UTC 2022
Fresher Jobs,Mon Jul 25 13:02:52 UTC 2022
Accenture na Slovensku ,Sun Jul 24 01:06:46 UTC 2022
TXM Manpower Solutions,Wed Jul 20 11:30:54 UTC 2022
EPAM Systems,Wed Jul 20 10:14:35 UTC 2022
Salesforce Architects,Mon Jul 18 14:39:47 UTC 2022
Salesforce News,Mon Jul 18 14:39:59 UTC 2022
Phaidon International,Mon Jul 11 22:43:00 UTC 2022
Top Business Group,Sun Jul 10 11:23:35 UTC 2022
Cutting Edge Search,Sun Jul 10 11:18:02 UTC 2022
Coberg,Thu Jun 30 12:01:30 UTC 2022
IQVIA,Wed Jun 29 09:31:18 UTC 2022
almentor,Tue Jun 28 13:34:32 UTC 2022
Crossover ,Tue Jun 28 12:30:35 UTC 2022
Tableau,Mon Jun 27 15:12:21 UTC 2022
Slack,Mon Jun 27 15:12:20 UTC 2022
PwC Middle East,Mon Jun 27 08:18:41 UTC 2022
NEWGIZA For Real Estate and Development,Sun Jun 26 05:08:06 UTC 2022
Salesforce Customer Success,Sun Jun 26 05:07:30 UTC 2022
SODIC,Sun Jun 26 05:07:28 UTC 2022
Reyada,Sun Jun 26 04:36:25 UTC 2022
SalesforceCodex,Wed Jun 22 09:12:32 UTC 2022
Salesforce Hulk,Mon Jun 20 04:21:57 UTC 2022
Event Planet,Sun Jun 19 17:18:02 UTC 2022
CVOrder.com,Sun Jun 19 15:18:15 UTC 2022
Salesforce Ben,Sun Jun 19 06:08:41 UTC 2022
CX Republic,Tue Jun 14 21:14:19 UTC 2022
Misr Measurement & Control (MMC),Tue Jun 14 01:58:51 UTC 2022
OoLab Tunisia,Mon Jun 13 01:39:17 UTC 2022
Summer training & Jobs,Sun Jun 12 14:33:39 UTC 2022
Nibla Games Studio,Sun Jun 12 14:33:38 UTC 2022
EgyRec-jobs وظائف في مصر,Sun Jun 12 14:33:30 UTC 2022
Crossworkers-Egypt,Sun Jun 12 14:33:24 UTC 2022
envnt.,Sun Jun 12 14:33:21 UTC 2022
Coding Club,Sun Jun 12 14:33:04 UTC 2022
Cloudzlab,Sun Jun 12 14:30:21 UTC 2022
Freshers Jobs,Sat Jun 11 16:53:11 UTC 2022
Fresher Openings,Fri Jun 10 23:34:45 UTC 2022
Worxmart,Thu Jun 09 12:22:37 UTC 2022
Telecom Egypt,Wed Jun 08 22:51:39 UTC 2022
TE data,Wed Jun 08 22:50:53 UTC 2022
Hyperlink Infosystem,Wed Jun 08 21:41:22 UTC 2022
Success Craft,Wed Jun 08 21:34:40 UTC 2022
Evolvice GmbH,Wed Jun 08 16:02:18 UTC 2022
Freshers job,Wed Jun 08 15:57:53 UTC 2022
Emaar,Wed Jun 08 15:55:33 UTC 2022
Apex Group Ltd,Wed Jun 08 13:32:44 UTC 2022
Systems Egypt,Tue Jun 07 22:45:16 UTC 2022
ExpandCart,Tue Jun 07 12:54:52 UTC 2022
Trixpert Egypt,Tue Jun 07 12:48:45 UTC 2022
Valsoft Corporation,Tue Jun 07 12:45:02 UTC 2022
بنك التعمير والإسكان HD Bank,Mon Jun 06 11:21:57 UTC 2022
Orange Egypt,Mon Jun 06 11:21:56 UTC 2022
EJADA,Sun Jun 05 22:40:33 UTC 2022
National Bank of Egypt (NBE),Sun Jun 05 14:40:01 UTC 2022
TBG,Sun Jun 05 14:35:00 UTC 2022
Kirti Technologies FZC,Sun Jun 05 14:33:52 UTC 2022
izil Beauty,Sun Jun 05 14:32:14 UTC 2022
Salesforce Partners,Sat Jun 04 18:33:02 UTC 2022
"Pro Sulum, LLC",Sat Jun 04 01:38:43 UTC 2022
Upland Software,Fri Jun 03 11:57:18 UTC 2022
FlairTech,Fri Jun 03 11:57:17 UTC 2022
FlairsTech,Fri Jun 03 11:57:04 UTC 2022
El-Swedix,Thu Jun 02 22:51:27 UTC 2022
Coptic Orphans,Wed Jun 01 12:13:31 UTC 2022
Klenka,Tue May 31 15:38:33 UTC 2022
OrderGO,Tue May 31 14:56:22 UTC 2022
WorkMotion,Mon May 30 15:14:27 UTC 2022
Salesforce AppExchange,Sun May 22 12:29:58 UTC 2022
Dreamforce,Sun May 22 12:29:57 UTC 2022
Mousai Production,Wed May 11 08:34:12 UTC 2022
Link Development,Sun Mar 27 23:42:32 UTC 2022
Egyptian Banking Institute,Sat Mar 19 00:53:08 UTC 2022
Seera Group,Mon Jun 27 15:03:07 UTC 2022
Banan Agency,Sat Mar 05 22:58:54 UTC 2022
Ebicus,Tue Mar 01 22:32:20 UTC 2022
TECH VALLEY EGYPT,Tue Mar 01 11:01:52 UTC 2022
Cloud Concept,Thu Feb 24 21:27:06 UTC 2022
Cloudastick Systems,Thu Feb 24 21:27:01 UTC 2022
Centro,Mon Feb 21 10:52:24 UTC 2022
Mantrac Group,Fri Feb 18 22:02:39 UTC 2022
Free courses & books,Thu Feb 17 17:47:17 UTC 2022
talabat,Wed Feb 16 21:37:52 UTC 2022
Odoo,Wed Feb 16 20:46:17 UTC 2022
شغّل مهندس,Wed Feb 16 20:15:01 UTC 2022
Saudi German Health,Wed Feb 16 04:57:18 UTC 2022
vivo Egypt,Tue Feb 15 08:32:16 UTC 2022
I NEED DEV,Fri Feb 11 18:25:40 UTC 2022
Careerians,Fri Feb 11 08:20:43 UTC 2022
Learn Management,Thu Feb 10 08:12:41 UTC 2022
Career Advancers,Thu Feb 10 08:12:39 UTC 2022
ELSEWEDY ELECTRIC,Wed Feb 02 02:28:30 UTC 2022
Amsterdam User Group (Salesforce),Wed Feb 02 02:18:43 UTC 2022
Agent Hub -The Salesforce property CRM & MLS ,Wed Feb 02 02:18:42 UTC 2022
Mantrac Egypt,Tue Feb 01 01:18:49 UTC 2022
Cainiao Network,Tue Feb 01 01:03:23 UTC 2022
Trailhead by Salesforce,Sun Jan 30 01:24:32 UTC 2022
Salesforce Developers,Fri Jan 28 22:28:29 UTC 2022
zCloud Consultancy,Wed Mar 09 23:06:27 UTC 2022
OffSec,Thu Jan 27 21:12:56 UTC 2022
WUZZUF,Wed Jan 26 14:40:46 UTC 2022
Salesforce Trailhead Superbadges,Tue Jan 25 17:19:46 UTC 2022
Focus on Force,Tue Jan 25 17:19:42 UTC 2022
Apex Hours,Tue Jan 25 10:40:41 UTC 2022
Salesforce Admins,Tue Jan 25 10:40:39 UTC 2022
Salesforce Jobs,Sun Jan 23 13:11:14 UTC 2022
Trailhead,Sat Jan 22 17:47:52 UTC 2022
LinkedIn for Creators,Sat Jan 22 12:05:38 UTC 2022
GeeksforGeeks,Mon Jan 10 19:41:19 UTC 2022
وظائف مصر,Wed Dec 29 22:32:35 UTC 2021
GTW IT Solutions,Mon Dec 27 19:41:34 UTC 2021
Confidential,Sat Dec 25 17:26:28 UTC 2021
Digit Aisles,Thu Dec 23 20:40:31 UTC 2021
Accumed,Thu Dec 23 20:30:00 UTC 2021
axis,Thu Dec 23 15:54:22 UTC 2021
Cisco,Sun Dec 19 16:06:52 UTC 2021
SAP,Sun Dec 19 16:06:51 UTC 2021
Salesforce,Mon Jan 24 23:34:52 UTC 2022
adam.ai,Thu Dec 16 12:59:46 UTC 2021
Elmin7a - المنحة,Mon Dec 13 20:30:29 UTC 2021
LinkedIn,Mon Dec 13 20:30:28 UTC 2021
JobzEg,Mon Dec 13 20:30:25 UTC 2021
Toptal,Sun Dec 12 19:00:59 UTC 2021
Crossover,Fri Dec 10 16:35:02 UTC 2021
Dr.JOB,Fri Dec 10 15:55:55 UTC 2021
BBC News,Sun Sep 26 00:46:29 UTC 2021
Vodafone,Sun Sep 26 00:46:27 UTC 2021
Oracle,Sun Sep 26 00:46:24 UTC 2021
CIB Egypt,Sun Sep 26 00:46:14 UTC 2021
Giza Systems,Mon Aug 01 03:13:00 UTC 2022
PRO BusinessWare,Sun Sep 26 00:06:39 UTC 2021
HackerRank,Sat Sep 14 09:23:28 UTC 2019
Vue.js Developers,Mon Aug 19 11:51:41 UTC 2019
React GraphQL Academy,Tue Jun 25 12:07:47 UTC 2019
Wide Linked,Wed Jun 19 03:04:40 UTC 2019
وظائف في الكويت,Sun Jun 09 21:42:36 UTC 2019
كورساتك - Korsatk,Tue May 28 23:58:06 UTC 2019
شغل أون لاين,Mon Jan 07 22:13:55 UTC 2019
GitHub,Mon Jan 07 22:13:49 UTC 2019
freeCodeCamp,Mon Jan 07 22:13:19 UTC 2019
ITWORX Education,Wed Sep 19 23:50:20 UTC 2018
Apple,Mon Aug 27 01:57:49 UTC 2018
Meta,Mon Aug 27 01:56:53 UTC 2018
Microsoft,Mon Aug 27 01:54:11 UTC 2018
SABIS®,Tue Jul 24 19:23:54 UTC 2018
IBM,Tue Jul 24 00:48:54 UTC 2018
Canada Jobs & Careers,Sun Jul 15 17:41:42 UTC 2018
Career UAE,Fri Jul 13 10:53:47 UTC 2018
Amazon,Fri Jul 06 02:07:02 UTC 2018
ITWorx,Fri Jul 06 02:06:59 UTC 2018
Jobzella,Thu Jul 05 02:30:00 UTC 2018
Google,Thu Jul 05 00:31:59 UTC 2018
Google Workspace,Thu Jul 05 00:31:52 UTC 2018
International Turnkey Systems - ITS,Fri Apr 27 21:55:42 UTC 2018
NewLife HR  ,Mon Apr 09 01:18:56 UTC 2018
MigrationIT,Mon Apr 09 01:18:36 UTC 2018
Envato,Fri Apr 06 14:50:43 UTC 2018
Rahaba IT Solution,Tue Apr 03 04:58:53 UTC 2018
"Ministry of Communications and Information Technology (MCIT), Egypt",Fri Mar 02 19:45:33 UTC 2018
edX,Wed Feb 28 00:39:55 UTC 2018
Business Boomers,Sat Feb 24 13:17:21 UTC 2018
PortaPeople,Fri Feb 23 22:54:01 UTC 2018
وظائف مبرمجين.,Sun Feb 04 20:47:32 UTC 2018
PromoMakerz,Tue Jan 02 13:40:35 UTC 2018
ITShare,Tue Dec 26 14:27:00 UTC 2017
SteadyRain,Fri Dec 22 23:17:08 UTC 2017
WordPress Tutorials,Fri Oct 27 00:49:06 UTC 2017
WordPress,Fri Oct 27 00:48:46 UTC 2017
Amazon Web Services (AWS),Fri Oct 27 00:47:29 UTC 2017
Upwork,Thu Oct 26 16:45:28 UTC 2017