Saved Search Date,Jobs Search Url
"6/24/23, 11:09 AM",https://www.linkedin.com/jobs/search?keywords=business+intelligence+developer&orig=JOB_ALERT
"4/26/23, 6:50 AM",https://www.linkedin.com/jobs/search?keywords=business+intelligence+specialist&distance=24%2E9999301285&orig=JOB_ALERT
"4/26/23, 6:49 AM",https://www.linkedin.com/jobs/search?keywords=senior+business+analyst&orig=JOB_ALERT
"4/26/23, 6:49 AM",https://www.linkedin.com/jobs/search?keywords=business+application+analyst&distance=24%2E9999301285&orig=JOB_ALERT
"4/26/23, 6:49 AM",https://www.linkedin.com/jobs/search?keywords=business+services+officer&orig=JOB_ALERT
"4/26/23, 6:49 AM",https://www.linkedin.com/jobs/search?keywords=sql+database+administrator&distance=24%2E9999301285&orig=JOB_ALERT
"4/26/23, 6:46 AM",https://www.linkedin.com/jobs/search?keywords=business+intelligence+developer&distance=24%2E9999301285&orig=JOB_ALERT
"4/26/23, 6:45 AM",https://www.linkedin.com/jobs/search?keywords=business+intelligence&orig=JOB_ALERT
"4/26/23, 6:45 AM",https://www.linkedin.com/jobs/search?orig=JOB_ALERT
